text,name
меня зовут август,7
мое имя август,7
называй меня август,7
называй меня теперь август,7
мое имя август окей да,5
обращайся ко мне как август короче,6
август это мое имя,4
называй меня теперь август хорошо,6
меня зовут августин,7
мое имя августин,7
называй меня августин,7
называй меня теперь августин,7
мое имя августин окей да,5
обращайся ко мне как августин короче,6
августин это мое имя,4
называй меня теперь августин хорошо,6
меня зовут авраам,7
мое имя авраам,7
называй меня авраам,7
называй меня теперь авраам,7
мое имя авраам окей да,5
обращайся ко мне как авраам короче,6
авраам это мое имя,4
называй меня теперь авраам хорошо,6
меня зовут аврора,7
мое имя аврора,7
называй меня аврора,7
называй меня теперь аврора,7
мое имя аврора окей да,5
обращайся ко мне как аврора короче,6
аврора это мое имя,4
называй меня теперь аврора хорошо,6
меня зовут агата,7
мое имя агата,7
называй меня агата,7
называй меня теперь агата,7
мое имя агата окей да,5
обращайся ко мне как агата короче,6
агата это мое имя,4
называй меня теперь агата хорошо,6
меня зовут агафон,7
мое имя агафон,7
называй меня агафон,7
называй меня теперь агафон,7
мое имя агафон окей да,5
обращайся ко мне как агафон короче,6
агафон это мое имя,4
называй меня теперь агафон хорошо,6
меня зовут агнесса,7
мое имя агнесса,7
называй меня агнесса,7
называй меня теперь агнесса,7
мое имя агнесса окей да,5
обращайся ко мне как агнесса короче,6
агнесса это мое имя,4
называй меня теперь агнесса хорошо,6
меня зовут агния,7
мое имя агния,7
называй меня агния,7
называй меня теперь агния,7
мое имя агния окей да,5
обращайся ко мне как агния короче,6
агния это мое имя,4
называй меня теперь агния хорошо,6
меня зовут ада,7
мое имя ада,7
называй меня ада,7
называй меня теперь ада,7
мое имя ада окей да,5
обращайся ко мне как ада короче,6
ада это мое имя,4
называй меня теперь ада хорошо,6
меня зовут аделаида,7
мое имя аделаида,7
называй меня аделаида,7
называй меня теперь аделаида,7
мое имя аделаида окей да,5
обращайся ко мне как аделаида короче,6
аделаида это мое имя,4
называй меня теперь аделаида хорошо,6
меня зовут аделина,7
мое имя аделина,7
называй меня аделина,7
называй меня теперь аделина,7
мое имя аделина окей да,5
обращайся ко мне как аделина короче,6
аделина это мое имя,4
называй меня теперь аделина хорошо,6
меня зовут акулина,7
мое имя акулина,7
называй меня акулина,7
называй меня теперь акулина,7
мое имя акулина окей да,5
обращайся ко мне как акулина короче,6
акулина это мое имя,4
называй меня теперь акулина хорошо,6
меня зовут александр,7
мое имя александр,7
называй меня александр,7
называй меня теперь александр,7
мое имя александр окей да,5
обращайся ко мне как александр короче,6
александр это мое имя,4
называй меня теперь александр хорошо,6
меня зовут александра,7
мое имя александра,7
называй меня александра,7
называй меня теперь александра,7
мое имя александра окей да,5
обращайся ко мне как александра короче,6
александра это мое имя,4
называй меня теперь александра хорошо,6
меня зовут алексей,7
мое имя алексей,7
называй меня алексей,7
называй меня теперь алексей,7
мое имя алексей окей да,5
обращайся ко мне как алексей короче,6
алексей это мое имя,4
называй меня теперь алексей хорошо,6
меня зовут алена,7
мое имя алена,7
называй меня алена,7
называй меня теперь алена,7
мое имя алена окей да,5
обращайся ко мне как алена короче,6
алена это мое имя,4
называй меня теперь алена хорошо,6
меня зовут алина,7
мое имя алина,7
называй меня алина,7
называй меня теперь алина,7
мое имя алина окей да,5
обращайся ко мне как алина короче,6
алина это мое имя,4
называй меня теперь алина хорошо,6
меня зовут алиса,7
мое имя алиса,7
называй меня алиса,7
называй меня теперь алиса,7
мое имя алиса окей да,5
обращайся ко мне как алиса короче,6
алиса это мое имя,4
называй меня теперь алиса хорошо,6
меня зовут алла,7
мое имя алла,7
называй меня алла,7
называй меня теперь алла,7
мое имя алла окей да,5
обращайся ко мне как алла короче,6
алла это мое имя,4
называй меня теперь алла хорошо,6
меня зовут алсу,7
мое имя алсу,7
называй меня алсу,7
называй меня теперь алсу,7
мое имя алсу окей да,5
обращайся ко мне как алсу короче,6
алсу это мое имя,4
называй меня теперь алсу хорошо,6
меня зовут альберт,7
мое имя альберт,7
называй меня альберт,7
называй меня теперь альберт,7
мое имя альберт окей да,5
обращайся ко мне как альберт короче,6
альберт это мое имя,4
называй меня теперь альберт хорошо,6
меня зовут альбина,7
мое имя альбина,7
называй меня альбина,7
называй меня теперь альбина,7
мое имя альбина окей да,5
обращайся ко мне как альбина короче,6
альбина это мое имя,4
называй меня теперь альбина хорошо,6
меня зовут амалия,7
мое имя амалия,7
называй меня амалия,7
называй меня теперь амалия,7
мое имя амалия окей да,5
обращайся ко мне как амалия короче,6
амалия это мое имя,4
называй меня теперь амалия хорошо,6
меня зовут анастасий,7
мое имя анастасий,7
называй меня анастасий,7
называй меня теперь анастасий,7
мое имя анастасий окей да,5
обращайся ко мне как анастасий короче,6
анастасий это мое имя,4
называй меня теперь анастасий хорошо,6
меня зовут анастасия,7
мое имя анастасия,7
называй меня анастасия,7
называй меня теперь анастасия,7
мое имя анастасия окей да,5
обращайся ко мне как анастасия короче,6
анастасия это мое имя,4
называй меня теперь анастасия хорошо,6
меня зовут анатолий,7
мое имя анатолий,7
называй меня анатолий,7
называй меня теперь анатолий,7
мое имя анатолий окей да,5
обращайся ко мне как анатолий короче,6
анатолий это мое имя,4
называй меня теперь анатолий хорошо,6
меня зовут ангелина,7
мое имя ангелина,7
называй меня ангелина,7
называй меня теперь ангелина,7
мое имя ангелина окей да,5
обращайся ко мне как ангелина короче,6
ангелина это мое имя,4
называй меня теперь ангелина хорошо,6
меня зовут андрей,7
мое имя андрей,7
называй меня андрей,7
называй меня теперь андрей,7
мое имя андрей окей да,5
обращайся ко мне как андрей короче,6
андрей это мое имя,4
называй меня теперь андрей хорошо,6
меня зовут анжела,7
мое имя анжела,7
называй меня анжела,7
называй меня теперь анжела,7
мое имя анжела окей да,5
обращайся ко мне как анжела короче,6
анжела это мое имя,4
называй меня теперь анжела хорошо,6
меня зовут анжелика,7
мое имя анжелика,7
называй меня анжелика,7
называй меня теперь анжелика,7
мое имя анжелика окей да,5
обращайся ко мне как анжелика короче,6
анжелика это мое имя,4
называй меня теперь анжелика хорошо,6
меня зовут анисий,7
мое имя анисий,7
называй меня анисий,7
называй меня теперь анисий,7
мое имя анисий окей да,5
обращайся ко мне как анисий короче,6
анисий это мое имя,4
называй меня теперь анисий хорошо,6
меня зовут анна,7
мое имя анна,7
называй меня анна,7
называй меня теперь анна,7
мое имя анна окей да,5
обращайся ко мне как анна короче,6
анна это мое имя,4
называй меня теперь анна хорошо,6
меня зовут антон,7
мое имя антон,7
называй меня антон,7
называй меня теперь антон,7
мое имя антон окей да,5
обращайся ко мне как антон короче,6
антон это мое имя,4
называй меня теперь антон хорошо,6
меня зовут антонина,7
мое имя антонина,7
называй меня антонина,7
называй меня теперь антонина,7
мое имя антонина окей да,5
обращайся ко мне как антонина короче,6
антонина это мое имя,4
называй меня теперь антонина хорошо,6
меня зовут анфиса,7
мое имя анфиса,7
называй меня анфиса,7
называй меня теперь анфиса,7
мое имя анфиса окей да,5
обращайся ко мне как анфиса короче,6
анфиса это мое имя,4
называй меня теперь анфиса хорошо,6
меня зовут аполлинарий,7
мое имя аполлинарий,7
называй меня аполлинарий,7
называй меня теперь аполлинарий,7
мое имя аполлинарий окей да,5
обращайся ко мне как аполлинарий короче,6
аполлинарий это мое имя,4
называй меня теперь аполлинарий хорошо,6
меня зовут аполлон,7
мое имя аполлон,7
называй меня аполлон,7
называй меня теперь аполлон,7
мое имя аполлон окей да,5
обращайся ко мне как аполлон короче,6
аполлон это мое имя,4
называй меня теперь аполлон хорошо,6
меня зовут арина,7
мое имя арина,7
называй меня арина,7
называй меня теперь арина,7
мое имя арина окей да,5
обращайся ко мне как арина короче,6
арина это мое имя,4
называй меня теперь арина хорошо,6
меня зовут аристарх,7
мое имя аристарх,7
называй меня аристарх,7
называй меня теперь аристарх,7
мое имя аристарх окей да,5
обращайся ко мне как аристарх короче,6
аристарх это мое имя,4
называй меня теперь аристарх хорошо,6
меня зовут аркадий,7
мое имя аркадий,7
называй меня аркадий,7
называй меня теперь аркадий,7
мое имя аркадий окей да,5
обращайся ко мне как аркадий короче,6
аркадий это мое имя,4
называй меня теперь аркадий хорошо,6
меня зовут арсен,7
мое имя арсен,7
называй меня арсен,7
называй меня теперь арсен,7
мое имя арсен окей да,5
обращайся ко мне как арсен короче,6
арсен это мое имя,4
называй меня теперь арсен хорошо,6
меня зовут арсений,7
мое имя арсений,7
называй меня арсений,7
называй меня теперь арсений,7
мое имя арсений окей да,5
обращайся ко мне как арсений короче,6
арсений это мое имя,4
называй меня теперь арсений хорошо,6
меня зовут артем,7
мое имя артем,7
называй меня артем,7
называй меня теперь артем,7
мое имя артем окей да,5
обращайся ко мне как артем короче,6
артем это мое имя,4
называй меня теперь артем хорошо,6
меня зовут артемий,7
мое имя артемий,7
называй меня артемий,7
называй меня теперь артемий,7
мое имя артемий окей да,5
обращайся ко мне как артемий короче,6
артемий это мое имя,4
называй меня теперь артемий хорошо,6
меня зовут артур,7
мое имя артур,7
называй меня артур,7
называй меня теперь артур,7
мое имя артур окей да,5
обращайся ко мне как артур короче,6
артур это мое имя,4
называй меня теперь артур хорошо,6
меня зовут архип,7
мое имя архип,7
называй меня архип,7
называй меня теперь архип,7
мое имя архип окей да,5
обращайся ко мне как архип короче,6
архип это мое имя,4
называй меня теперь архип хорошо,6
меня зовут ася,7
мое имя ася,7
называй меня ася,7
называй меня теперь ася,7
мое имя ася окей да,5
обращайся ко мне как ася короче,6
ася это мое имя,4
называй меня теперь ася хорошо,6
меня зовут бенедикт,7
мое имя бенедикт,7
называй меня бенедикт,7
называй меня теперь бенедикт,7
мое имя бенедикт окей да,5
обращайся ко мне как бенедикт короче,6
бенедикт это мое имя,4
называй меня теперь бенедикт хорошо,6
меня зовут богдан,7
мое имя богдан,7
называй меня богдан,7
называй меня теперь богдан,7
мое имя богдан окей да,5
обращайся ко мне как богдан короче,6
богдан это мое имя,4
называй меня теперь богдан хорошо,6
меня зовут божена,7
мое имя божена,7
называй меня божена,7
называй меня теперь божена,7
мое имя божена окей да,5
обращайся ко мне как божена короче,6
божена это мое имя,4
называй меня теперь божена хорошо,6
меня зовут болеслав,7
мое имя болеслав,7
называй меня болеслав,7
называй меня теперь болеслав,7
мое имя болеслав окей да,5
обращайся ко мне как болеслав короче,6
болеслав это мое имя,4
называй меня теперь болеслав хорошо,6
меня зовут борис,7
мое имя борис,7
называй меня борис,7
называй меня теперь борис,7
мое имя борис окей да,5
обращайся ко мне как борис короче,6
борис это мое имя,4
называй меня теперь борис хорошо,6
меня зовут борислав,7
мое имя борислав,7
называй меня борислав,7
называй меня теперь борислав,7
мое имя борислав окей да,5
обращайся ко мне как борислав короче,6
борислав это мое имя,4
называй меня теперь борислав хорошо,6
меня зовут бронислав,7
мое имя бронислав,7
называй меня бронислав,7
называй меня теперь бронислав,7
мое имя бронислав окей да,5
обращайся ко мне как бронислав короче,6
бронислав это мое имя,4
называй меня теперь бронислав хорошо,6
меня зовут бронислава,7
мое имя бронислава,7
называй меня бронислава,7
называй меня теперь бронислава,7
мое имя бронислава окей да,5
обращайся ко мне как бронислава короче,6
бронислава это мое имя,4
называй меня теперь бронислава хорошо,6
меня зовут булат,7
мое имя булат,7
называй меня булат,7
называй меня теперь булат,7
мое имя булат окей да,5
обращайся ко мне как булат короче,6
булат это мое имя,4
называй меня теперь булат хорошо,6
меня зовут вадим,7
мое имя вадим,7
называй меня вадим,7
называй меня теперь вадим,7
мое имя вадим окей да,5
обращайся ко мне как вадим короче,6
вадим это мое имя,4
называй меня теперь вадим хорошо,6
меня зовут валентин,7
мое имя валентин,7
называй меня валентин,7
называй меня теперь валентин,7
мое имя валентин окей да,5
обращайся ко мне как валентин короче,6
валентин это мое имя,4
называй меня теперь валентин хорошо,6
меня зовут валентина,7
мое имя валентина,7
называй меня валентина,7
называй меня теперь валентина,7
мое имя валентина окей да,5
обращайся ко мне как валентина короче,6
валентина это мое имя,4
называй меня теперь валентина хорошо,6
меня зовут валерий,7
мое имя валерий,7
называй меня валерий,7
называй меня теперь валерий,7
мое имя валерий окей да,5
обращайся ко мне как валерий короче,6
валерий это мое имя,4
называй меня теперь валерий хорошо,6
меня зовут валерия,7
мое имя валерия,7
называй меня валерия,7
называй меня теперь валерия,7
мое имя валерия окей да,5
обращайся ко мне как валерия короче,6
валерия это мое имя,4
называй меня теперь валерия хорошо,6
меня зовут ванда,7
мое имя ванда,7
называй меня ванда,7
называй меня теперь ванда,7
мое имя ванда окей да,5
обращайся ко мне как ванда короче,6
ванда это мое имя,4
называй меня теперь ванда хорошо,6
меня зовут варвара,7
мое имя варвара,7
называй меня варвара,7
называй меня теперь варвара,7
мое имя варвара окей да,5
обращайся ко мне как варвара короче,6
варвара это мое имя,4
называй меня теперь варвара хорошо,6
меня зовут василий,7
мое имя василий,7
называй меня василий,7
называй меня теперь василий,7
мое имя василий окей да,5
обращайся ко мне как василий короче,6
василий это мое имя,4
называй меня теперь василий хорошо,6
меня зовут василиса,7
мое имя василиса,7
называй меня василиса,7
называй меня теперь василиса,7
мое имя василиса окей да,5
обращайся ко мне как василиса короче,6
василиса это мое имя,4
называй меня теперь василиса хорошо,6
меня зовут венера,7
мое имя венера,7
называй меня венера,7
называй меня теперь венера,7
мое имя венера окей да,5
обращайся ко мне как венера короче,6
венера это мое имя,4
называй меня теперь венера хорошо,6
меня зовут вениамин,7
мое имя вениамин,7
называй меня вениамин,7
называй меня теперь вениамин,7
мое имя вениамин окей да,5
обращайся ко мне как вениамин короче,6
вениамин это мое имя,4
называй меня теперь вениамин хорошо,6
меня зовут вера,7
мое имя вера,7
называй меня вера,7
называй меня теперь вера,7
мое имя вера окей да,5
обращайся ко мне как вера короче,6
вера это мое имя,4
называй меня теперь вера хорошо,6
меня зовут вероника,7
мое имя вероника,7
называй меня вероника,7
называй меня теперь вероника,7
мое имя вероника окей да,5
обращайся ко мне как вероника короче,6
вероника это мое имя,4
называй меня теперь вероника хорошо,6
меня зовут викентий,7
мое имя викентий,7
называй меня викентий,7
называй меня теперь викентий,7
мое имя викентий окей да,5
обращайся ко мне как викентий короче,6
викентий это мое имя,4
называй меня теперь викентий хорошо,6
меня зовут виктор,7
мое имя виктор,7
называй меня виктор,7
называй меня теперь виктор,7
мое имя виктор окей да,5
обращайся ко мне как виктор короче,6
виктор это мое имя,4
называй меня теперь виктор хорошо,6
меня зовут виктория,7
мое имя виктория,7
называй меня виктория,7
называй меня теперь виктория,7
мое имя виктория окей да,5
обращайся ко мне как виктория короче,6
виктория это мое имя,4
называй меня теперь виктория хорошо,6
меня зовут вилен,7
мое имя вилен,7
называй меня вилен,7
называй меня теперь вилен,7
мое имя вилен окей да,5
обращайся ко мне как вилен короче,6
вилен это мое имя,4
называй меня теперь вилен хорошо,6
меня зовут виолетта,7
мое имя виолетта,7
называй меня виолетта,7
называй меня теперь виолетта,7
мое имя виолетта окей да,5
обращайся ко мне как виолетта короче,6
виолетта это мое имя,4
называй меня теперь виолетта хорошо,6
меня зовут виссарион,7
мое имя виссарион,7
называй меня виссарион,7
называй меня теперь виссарион,7
мое имя виссарион окей да,5
обращайся ко мне как виссарион короче,6
виссарион это мое имя,4
называй меня теперь виссарион хорошо,6
меня зовут вита,7
мое имя вита,7
называй меня вита,7
называй меня теперь вита,7
мое имя вита окей да,5
обращайся ко мне как вита короче,6
вита это мое имя,4
называй меня теперь вита хорошо,6
меня зовут виталий,7
мое имя виталий,7
называй меня виталий,7
называй меня теперь виталий,7
мое имя виталий окей да,5
обращайся ко мне как виталий короче,6
виталий это мое имя,4
называй меня теперь виталий хорошо,6
меня зовут влад,7
мое имя влад,7
называй меня влад,7
называй меня теперь влад,7
мое имя влад окей да,5
обращайся ко мне как влад короче,6
влад это мое имя,4
называй меня теперь влад хорошо,6
меня зовут владимир,7
мое имя владимир,7
называй меня владимир,7
называй меня теперь владимир,7
мое имя владимир окей да,5
обращайся ко мне как владимир короче,6
владимир это мое имя,4
называй меня теперь владимир хорошо,6
меня зовут владислав,7
мое имя владислав,7
называй меня владислав,7
называй меня теперь владислав,7
мое имя владислав окей да,5
обращайся ко мне как владислав короче,6
владислав это мое имя,4
называй меня теперь владислав хорошо,6
меня зовут владислава,7
мое имя владислава,7
называй меня владислава,7
называй меня теперь владислава,7
мое имя владислава окей да,5
обращайся ко мне как владислава короче,6
владислава это мое имя,4
называй меня теперь владислава хорошо,6
меня зовут владлен,7
мое имя владлен,7
называй меня владлен,7
называй меня теперь владлен,7
мое имя владлен окей да,5
обращайся ко мне как владлен короче,6
владлен это мое имя,4
называй меня теперь владлен хорошо,6
меня зовут вольдемар,7
мое имя вольдемар,7
называй меня вольдемар,7
называй меня теперь вольдемар,7
мое имя вольдемар окей да,5
обращайся ко мне как вольдемар короче,6
вольдемар это мое имя,4
называй меня теперь вольдемар хорошо,6
меня зовут всеволод,7
мое имя всеволод,7
называй меня всеволод,7
называй меня теперь всеволод,7
мое имя всеволод окей да,5
обращайся ко мне как всеволод короче,6
всеволод это мое имя,4
называй меня теперь всеволод хорошо,6
меня зовут вячеслав,7
мое имя вячеслав,7
называй меня вячеслав,7
называй меня теперь вячеслав,7
мое имя вячеслав окей да,5
обращайся ко мне как вячеслав короче,6
вячеслав это мое имя,4
называй меня теперь вячеслав хорошо,6
меня зовут гавриил,7
мое имя гавриил,7
называй меня гавриил,7
называй меня теперь гавриил,7
мое имя гавриил окей да,5
обращайся ко мне как гавриил короче,6
гавриил это мое имя,4
называй меня теперь гавриил хорошо,6
меня зовут галина,7
мое имя галина,7
называй меня галина,7
называй меня теперь галина,7
мое имя галина окей да,5
обращайся ко мне как галина короче,6
галина это мое имя,4
называй меня теперь галина хорошо,6
меня зовут гелла,7
мое имя гелла,7
называй меня гелла,7
называй меня теперь гелла,7
мое имя гелла окей да,5
обращайся ко мне как гелла короче,6
гелла это мое имя,4
называй меня теперь гелла хорошо,6
меня зовут геннадий,7
мое имя геннадий,7
называй меня геннадий,7
называй меня теперь геннадий,7
мое имя геннадий окей да,5
обращайся ко мне как геннадий короче,6
геннадий это мое имя,4
называй меня теперь геннадий хорошо,6
меня зовут георгий,7
мое имя георгий,7
называй меня георгий,7
называй меня теперь георгий,7
мое имя георгий окей да,5
обращайся ко мне как георгий короче,6
георгий это мое имя,4
называй меня теперь георгий хорошо,6
меня зовут герман,7
мое имя герман,7
называй меня герман,7
называй меня теперь герман,7
мое имя герман окей да,5
обращайся ко мне как герман короче,6
герман это мое имя,4
называй меня теперь герман хорошо,6
меня зовут гертруда,7
мое имя гертруда,7
называй меня гертруда,7
называй меня теперь гертруда,7
мое имя гертруда окей да,5
обращайся ко мне как гертруда короче,6
гертруда это мое имя,4
называй меня теперь гертруда хорошо,6
меня зовут глафира,7
мое имя глафира,7
называй меня глафира,7
называй меня теперь глафира,7
мое имя глафира окей да,5
обращайся ко мне как глафира короче,6
глафира это мое имя,4
называй меня теперь глафира хорошо,6
меня зовут глеб,7
мое имя глеб,7
называй меня глеб,7
называй меня теперь глеб,7
мое имя глеб окей да,5
обращайся ко мне как глеб короче,6
глеб это мое имя,4
называй меня теперь глеб хорошо,6
меня зовут гордей,7
мое имя гордей,7
называй меня гордей,7
называй меня теперь гордей,7
мое имя гордей окей да,5
обращайся ко мне как гордей короче,6
гордей это мое имя,4
называй меня теперь гордей хорошо,6
меня зовут григорий,7
мое имя григорий,7
называй меня григорий,7
называй меня теперь григорий,7
мое имя григорий окей да,5
обращайся ко мне как григорий короче,6
григорий это мое имя,4
называй меня теперь григорий хорошо,6
меня зовут давид,7
мое имя давид,7
называй меня давид,7
называй меня теперь давид,7
мое имя давид окей да,5
обращайся ко мне как давид короче,6
давид это мое имя,4
называй меня теперь давид хорошо,6
меня зовут даниил,7
мое имя даниил,7
называй меня даниил,7
называй меня теперь даниил,7
мое имя даниил окей да,5
обращайся ко мне как даниил короче,6
даниил это мое имя,4
называй меня теперь даниил хорошо,6
меня зовут дарина,7
мое имя дарина,7
называй меня дарина,7
называй меня теперь дарина,7
мое имя дарина окей да,5
обращайся ко мне как дарина короче,6
дарина это мое имя,4
называй меня теперь дарина хорошо,6
меня зовут дарья,7
мое имя дарья,7
называй меня дарья,7
называй меня теперь дарья,7
мое имя дарья окей да,5
обращайся ко мне как дарья короче,6
дарья это мое имя,4
называй меня теперь дарья хорошо,6
меня зовут демьян,7
мое имя демьян,7
называй меня демьян,7
называй меня теперь демьян,7
мое имя демьян окей да,5
обращайся ко мне как демьян короче,6
демьян это мое имя,4
называй меня теперь демьян хорошо,6
меня зовут денис,7
мое имя денис,7
называй меня денис,7
называй меня теперь денис,7
мое имя денис окей да,5
обращайся ко мне как денис короче,6
денис это мое имя,4
называй меня теперь денис хорошо,6
меня зовут диана,7
мое имя диана,7
называй меня диана,7
называй меня теперь диана,7
мое имя диана окей да,5
обращайся ко мне как диана короче,6
диана это мое имя,4
называй меня теперь диана хорошо,6
меня зовут дина,7
мое имя дина,7
называй меня дина,7
называй меня теперь дина,7
мое имя дина окей да,5
обращайся ко мне как дина короче,6
дина это мое имя,4
называй меня теперь дина хорошо,6
меня зовут динара,7
мое имя динара,7
называй меня динара,7
называй меня теперь динара,7
мое имя динара окей да,5
обращайся ко мне как динара короче,6
динара это мое имя,4
называй меня теперь динара хорошо,6
меня зовут дмитрий,7
мое имя дмитрий,7
называй меня дмитрий,7
называй меня теперь дмитрий,7
мое имя дмитрий окей да,5
обращайся ко мне как дмитрий короче,6
дмитрий это мое имя,4
называй меня теперь дмитрий хорошо,6
меня зовут добрыня,7
мое имя добрыня,7
называй меня добрыня,7
называй меня теперь добрыня,7
мое имя добрыня окей да,5
обращайся ко мне как добрыня короче,6
добрыня это мое имя,4
называй меня теперь добрыня хорошо,6
меня зовут дора,7
мое имя дора,7
называй меня дора,7
называй меня теперь дора,7
мое имя дора окей да,5
обращайся ко мне как дора короче,6
дора это мое имя,4
называй меня теперь дора хорошо,6
меня зовут ева,7
мое имя ева,7
называй меня ева,7
называй меня теперь ева,7
мое имя ева окей да,5
обращайся ко мне как ева короче,6
ева это мое имя,4
называй меня теперь ева хорошо,6
меня зовут евгений,7
мое имя евгений,7
называй меня евгений,7
называй меня теперь евгений,7
мое имя евгений окей да,5
обращайся ко мне как евгений короче,6
евгений это мое имя,4
называй меня теперь евгений хорошо,6
меня зовут евгения,7
мое имя евгения,7
называй меня евгения,7
называй меня теперь евгения,7
мое имя евгения окей да,5
обращайся ко мне как евгения короче,6
евгения это мое имя,4
называй меня теперь евгения хорошо,6
меня зовут евдоким,7
мое имя евдоким,7
называй меня евдоким,7
называй меня теперь евдоким,7
мое имя евдоким окей да,5
обращайся ко мне как евдоким короче,6
евдоким это мое имя,4
называй меня теперь евдоким хорошо,6
меня зовут евдокия,7
мое имя евдокия,7
называй меня евдокия,7
называй меня теперь евдокия,7
мое имя евдокия окей да,5
обращайся ко мне как евдокия короче,6
евдокия это мое имя,4
называй меня теперь евдокия хорошо,6
меня зовут егор,7
мое имя егор,7
называй меня егор,7
называй меня теперь егор,7
мое имя егор окей да,5
обращайся ко мне как егор короче,6
егор это мое имя,4
называй меня теперь егор хорошо,6
меня зовут екатерина,7
мое имя екатерина,7
называй меня екатерина,7
называй меня теперь екатерина,7
мое имя екатерина окей да,5
обращайся ко мне как екатерина короче,6
екатерина это мое имя,4
называй меня теперь екатерина хорошо,6
меня зовут елена,7
мое имя елена,7
называй меня елена,7
называй меня теперь елена,7
мое имя елена окей да,5
обращайся ко мне как елена короче,6
елена это мое имя,4
называй меня теперь елена хорошо,6
меня зовут елизавета,7
мое имя елизавета,7
называй меня елизавета,7
называй меня теперь елизавета,7
мое имя елизавета окей да,5
обращайся ко мне как елизавета короче,6
елизавета это мое имя,4
называй меня теперь елизавета хорошо,6
меня зовут елисей,7
мое имя елисей,7
называй меня елисей,7
называй меня теперь елисей,7
мое имя елисей окей да,5
обращайся ко мне как елисей короче,6
елисей это мое имя,4
называй меня теперь елисей хорошо,6
меня зовут есения,7
мое имя есения,7
называй меня есения,7
называй меня теперь есения,7
мое имя есения окей да,5
обращайся ко мне как есения короче,6
есения это мое имя,4
называй меня теперь есения хорошо,6
меня зовут ефим,7
мое имя ефим,7
называй меня ефим,7
называй меня теперь ефим,7
мое имя ефим окей да,5
обращайся ко мне как ефим короче,6
ефим это мое имя,4
называй меня теперь ефим хорошо,6
меня зовут ефрем,7
мое имя ефрем,7
называй меня ефрем,7
называй меня теперь ефрем,7
мое имя ефрем окей да,5
обращайся ко мне как ефрем короче,6
ефрем это мое имя,4
называй меня теперь ефрем хорошо,6
меня зовут ефросинья,7
мое имя ефросинья,7
называй меня ефросинья,7
называй меня теперь ефросинья,7
мое имя ефросинья окей да,5
обращайся ко мне как ефросинья короче,6
ефросинья это мое имя,4
называй меня теперь ефросинья хорошо,6
меня зовут жанна,7
мое имя жанна,7
называй меня жанна,7
называй меня теперь жанна,7
мое имя жанна окей да,5
обращайся ко мне как жанна короче,6
жанна это мое имя,4
называй меня теперь жанна хорошо,6
меня зовут ждан,7
мое имя ждан,7
называй меня ждан,7
называй меня теперь ждан,7
мое имя ждан окей да,5
обращайся ко мне как ждан короче,6
ждан это мое имя,4
называй меня теперь ждан хорошо,6
меня зовут захар,7
мое имя захар,7
называй меня захар,7
называй меня теперь захар,7
мое имя захар окей да,5
обращайся ко мне как захар короче,6
захар это мое имя,4
называй меня теперь захар хорошо,6
меня зовут зинаида,7
мое имя зинаида,7
называй меня зинаида,7
называй меня теперь зинаида,7
мое имя зинаида окей да,5
обращайся ко мне как зинаида короче,6
зинаида это мое имя,4
называй меня теперь зинаида хорошо,6
меня зовут зиновий,7
мое имя зиновий,7
называй меня зиновий,7
называй меня теперь зиновий,7
мое имя зиновий окей да,5
обращайся ко мне как зиновий короче,6
зиновий это мое имя,4
называй меня теперь зиновий хорошо,6
меня зовут злата,7
мое имя злата,7
называй меня злата,7
называй меня теперь злата,7
мое имя злата окей да,5
обращайся ко мне как злата короче,6
злата это мое имя,4
называй меня теперь злата хорошо,6
меня зовут зорий,7
мое имя зорий,7
называй меня зорий,7
называй меня теперь зорий,7
мое имя зорий окей да,5
обращайся ко мне как зорий короче,6
зорий это мое имя,4
называй меня теперь зорий хорошо,6
меня зовут зоряна,7
мое имя зоряна,7
называй меня зоряна,7
называй меня теперь зоряна,7
мое имя зоряна окей да,5
обращайся ко мне как зоряна короче,6
зоряна это мое имя,4
называй меня теперь зоряна хорошо,6
меня зовут зоя,7
мое имя зоя,7
называй меня зоя,7
называй меня теперь зоя,7
мое имя зоя окей да,5
обращайся ко мне как зоя короче,6
зоя это мое имя,4
называй меня теперь зоя хорошо,6
меня зовут иван,7
мое имя иван,7
называй меня иван,7
называй меня теперь иван,7
мое имя иван окей да,5
обращайся ко мне как иван короче,6
иван это мое имя,4
называй меня теперь иван хорошо,6
меня зовут иветта,7
мое имя иветта,7
называй меня иветта,7
называй меня теперь иветта,7
мое имя иветта окей да,5
обращайся ко мне как иветта короче,6
иветта это мое имя,4
называй меня теперь иветта хорошо,6
меня зовут игнатий,7
мое имя игнатий,7
называй меня игнатий,7
называй меня теперь игнатий,7
мое имя игнатий окей да,5
обращайся ко мне как игнатий короче,6
игнатий это мое имя,4
называй меня теперь игнатий хорошо,6
меня зовут игорь,7
мое имя игорь,7
называй меня игорь,7
называй меня теперь игорь,7
мое имя игорь окей да,5
обращайся ко мне как игорь короче,6
игорь это мое имя,4
называй меня теперь игорь хорошо,6
меня зовут изольда,7
мое имя изольда,7
называй меня изольда,7
называй меня теперь изольда,7
мое имя изольда окей да,5
обращайся ко мне как изольда короче,6
изольда это мое имя,4
называй меня теперь изольда хорошо,6
меня зовут илга,7
мое имя илга,7
называй меня илга,7
называй меня теперь илга,7
мое имя илга окей да,5
обращайся ко мне как илга короче,6
илга это мое имя,4
называй меня теперь илга хорошо,6
меня зовут илларион,7
мое имя илларион,7
называй меня илларион,7
называй меня теперь илларион,7
мое имя илларион окей да,5
обращайся ко мне как илларион короче,6
илларион это мое имя,4
называй меня теперь илларион хорошо,6
меня зовут илона,7
мое имя илона,7
называй меня илона,7
называй меня теперь илона,7
мое имя илона окей да,5
обращайся ко мне как илона короче,6
илона это мое имя,4
называй меня теперь илона хорошо,6
меня зовут илья,7
мое имя илья,7
называй меня илья,7
называй меня теперь илья,7
мое имя илья окей да,5
обращайся ко мне как илья короче,6
илья это мое имя,4
называй меня теперь илья хорошо,6
меня зовут инга,7
мое имя инга,7
называй меня инга,7
называй меня теперь инга,7
мое имя инга окей да,5
обращайся ко мне как инга короче,6
инга это мое имя,4
называй меня теперь инга хорошо,6
меня зовут инесса,7
мое имя инесса,7
называй меня инесса,7
называй меня теперь инесса,7
мое имя инесса окей да,5
обращайся ко мне как инесса короче,6
инесса это мое имя,4
называй меня теперь инесса хорошо,6
меня зовут инна,7
мое имя инна,7
называй меня инна,7
называй меня теперь инна,7
мое имя инна окей да,5
обращайся ко мне как инна короче,6
инна это мое имя,4
называй меня теперь инна хорошо,6
меня зовут иннокентий,7
мое имя иннокентий,7
называй меня иннокентий,7
называй меня теперь иннокентий,7
мое имя иннокентий окей да,5
обращайся ко мне как иннокентий короче,6
иннокентий это мое имя,4
называй меня теперь иннокентий хорошо,6
меня зовут иосиф,7
мое имя иосиф,7
называй меня иосиф,7
называй меня теперь иосиф,7
мое имя иосиф окей да,5
обращайся ко мне как иосиф короче,6
иосиф это мое имя,4
называй меня теперь иосиф хорошо,6
меня зовут ираида,7
мое имя ираида,7
называй меня ираида,7
называй меня теперь ираида,7
мое имя ираида окей да,5
обращайся ко мне как ираида короче,6
ираида это мое имя,4
называй меня теперь ираида хорошо,6
меня зовут ирина,7
мое имя ирина,7
называй меня ирина,7
называй меня теперь ирина,7
мое имя ирина окей да,5
обращайся ко мне как ирина короче,6
ирина это мое имя,4
называй меня теперь ирина хорошо,6
меня зовут казимир,7
мое имя казимир,7
называй меня казимир,7
называй меня теперь казимир,7
мое имя казимир окей да,5
обращайся ко мне как казимир короче,6
казимир это мое имя,4
называй меня теперь казимир хорошо,6
меня зовут калерия,7
мое имя калерия,7
называй меня калерия,7
называй меня теперь калерия,7
мое имя калерия окей да,5
обращайся ко мне как калерия короче,6
калерия это мое имя,4
называй меня теперь калерия хорошо,6
меня зовут капитолина,7
мое имя капитолина,7
называй меня капитолина,7
называй меня теперь капитолина,7
мое имя капитолина окей да,5
обращайся ко мне как капитолина короче,6
капитолина это мое имя,4
называй меня теперь капитолина хорошо,6
меня зовут карина,7
мое имя карина,7
называй меня карина,7
называй меня теперь карина,7
мое имя карина окей да,5
обращайся ко мне как карина короче,6
карина это мое имя,4
называй меня теперь карина хорошо,6
меня зовут каролина,7
мое имя каролина,7
называй меня каролина,7
называй меня теперь каролина,7
мое имя каролина окей да,5
обращайся ко мне как каролина короче,6
каролина это мое имя,4
называй меня теперь каролина хорошо,6
меня зовут касьян,7
мое имя касьян,7
называй меня касьян,7
называй меня теперь касьян,7
мое имя касьян окей да,5
обращайся ко мне как касьян короче,6
касьян это мое имя,4
называй меня теперь касьян хорошо,6
меня зовут кир,7
мое имя кир,7
называй меня кир,7
называй меня теперь кир,7
мое имя кир окей да,5
обращайся ко мне как кир короче,6
кир это мое имя,4
называй меня теперь кир хорошо,6
меня зовут кира,7
мое имя кира,7
называй меня кира,7
называй меня теперь кира,7
мое имя кира окей да,5
обращайся ко мне как кира короче,6
кира это мое имя,4
называй меня теперь кира хорошо,6
меня зовут кирилл,7
мое имя кирилл,7
называй меня кирилл,7
называй меня теперь кирилл,7
мое имя кирилл окей да,5
обращайся ко мне как кирилл короче,6
кирилл это мое имя,4
называй меня теперь кирилл хорошо,6
меня зовут клавдия,7
мое имя клавдия,7
называй меня клавдия,7
называй меня теперь клавдия,7
мое имя клавдия окей да,5
обращайся ко мне как клавдия короче,6
клавдия это мое имя,4
называй меня теперь клавдия хорошо,6
меня зовут клара,7
мое имя клара,7
называй меня клара,7
называй меня теперь клара,7
мое имя клара окей да,5
обращайся ко мне как клара короче,6
клара это мое имя,4
называй меня теперь клара хорошо,6
меня зовут клим,7
мое имя клим,7
называй меня клим,7
называй меня теперь клим,7
мое имя клим окей да,5
обращайся ко мне как клим короче,6
клим это мое имя,4
называй меня теперь клим хорошо,6
меня зовут климент,7
мое имя климент,7
называй меня климент,7
называй меня теперь климент,7
мое имя климент окей да,5
обращайся ко мне как климент короче,6
климент это мое имя,4
называй меня теперь климент хорошо,6
меня зовут кондрат,7
мое имя кондрат,7
называй меня кондрат,7
называй меня теперь кондрат,7
мое имя кондрат окей да,5
обращайся ко мне как кондрат короче,6
кондрат это мое имя,4
называй меня теперь кондрат хорошо,6
меня зовут константин,7
мое имя константин,7
называй меня константин,7
называй меня теперь константин,7
мое имя константин окей да,5
обращайся ко мне как константин короче,6
константин это мое имя,4
называй меня теперь константин хорошо,6
меня зовут кристина,7
мое имя кристина,7
называй меня кристина,7
называй меня теперь кристина,7
мое имя кристина окей да,5
обращайся ко мне как кристина короче,6
кристина это мое имя,4
называй меня теперь кристина хорошо,6
меня зовут ксения,7
мое имя ксения,7
называй меня ксения,7
называй меня теперь ксения,7
мое имя ксения окей да,5
обращайся ко мне как ксения короче,6
ксения это мое имя,4
называй меня теперь ксения хорошо,6
меня зовут кузьма,7
мое имя кузьма,7
называй меня кузьма,7
называй меня теперь кузьма,7
мое имя кузьма окей да,5
обращайся ко мне как кузьма короче,6
кузьма это мое имя,4
называй меня теперь кузьма хорошо,6
меня зовут лада,7
мое имя лада,7
называй меня лада,7
называй меня теперь лада,7
мое имя лада окей да,5
обращайся ко мне как лада короче,6
лада это мое имя,4
называй меня теперь лада хорошо,6
меня зовут лариса,7
мое имя лариса,7
называй меня лариса,7
называй меня теперь лариса,7
мое имя лариса окей да,5
обращайся ко мне как лариса короче,6
лариса это мое имя,4
называй меня теперь лариса хорошо,6
меня зовут лев,7
мое имя лев,7
называй меня лев,7
называй меня теперь лев,7
мое имя лев окей да,5
обращайся ко мне как лев короче,6
лев это мое имя,4
называй меня теперь лев хорошо,6
меня зовут леонид,7
мое имя леонид,7
называй меня леонид,7
называй меня теперь леонид,7
мое имя леонид окей да,5
обращайся ко мне как леонид короче,6
леонид это мое имя,4
называй меня теперь леонид хорошо,6
меня зовут леонтий,7
мое имя леонтий,7
называй меня леонтий,7
называй меня теперь леонтий,7
мое имя леонтий окей да,5
обращайся ко мне как леонтий короче,6
леонтий это мое имя,4
называй меня теперь леонтий хорошо,6
меня зовут леся,7
мое имя леся,7
называй меня леся,7
называй меня теперь леся,7
мое имя леся окей да,5
обращайся ко мне как леся короче,6
леся это мое имя,4
называй меня теперь леся хорошо,6
меня зовут лидия,7
мое имя лидия,7
называй меня лидия,7
называй меня теперь лидия,7
мое имя лидия окей да,5
обращайся ко мне как лидия короче,6
лидия это мое имя,4
называй меня теперь лидия хорошо,6
меня зовут лика,7
мое имя лика,7
называй меня лика,7
называй меня теперь лика,7
мое имя лика окей да,5
обращайся ко мне как лика короче,6
лика это мое имя,4
называй меня теперь лика хорошо,6
меня зовут лилия,7
мое имя лилия,7
называй меня лилия,7
называй меня теперь лилия,7
мое имя лилия окей да,5
обращайся ко мне как лилия короче,6
лилия это мое имя,4
называй меня теперь лилия хорошо,6
меня зовут лина,7
мое имя лина,7
называй меня лина,7
называй меня теперь лина,7
мое имя лина окей да,5
обращайся ко мне как лина короче,6
лина это мое имя,4
называй меня теперь лина хорошо,6
меня зовут лолита,7
мое имя лолита,7
называй меня лолита,7
называй меня теперь лолита,7
мое имя лолита окей да,5
обращайся ко мне как лолита короче,6
лолита это мое имя,4
называй меня теперь лолита хорошо,6
меня зовут луиза,7
мое имя луиза,7
называй меня луиза,7
называй меня теперь луиза,7
мое имя луиза окей да,5
обращайся ко мне как луиза короче,6
луиза это мое имя,4
называй меня теперь луиза хорошо,6
меня зовут лукьян,7
мое имя лукьян,7
называй меня лукьян,7
называй меня теперь лукьян,7
мое имя лукьян окей да,5
обращайся ко мне как лукьян короче,6
лукьян это мое имя,4
называй меня теперь лукьян хорошо,6
меня зовут любовь,7
мое имя любовь,7
называй меня любовь,7
называй меня теперь любовь,7
мое имя любовь окей да,5
обращайся ко мне как любовь короче,6
любовь это мое имя,4
называй меня теперь любовь хорошо,6
меня зовут людмила,7
мое имя людмила,7
называй меня людмила,7
называй меня теперь людмила,7
мое имя людмила окей да,5
обращайся ко мне как людмила короче,6
людмила это мое имя,4
называй меня теперь людмила хорошо,6
меня зовут магдалина,7
мое имя магдалина,7
называй меня магдалина,7
называй меня теперь магдалина,7
мое имя магдалина окей да,5
обращайся ко мне как магдалина короче,6
магдалина это мое имя,4
называй меня теперь магдалина хорошо,6
меня зовут майя,7
мое имя майя,7
называй меня майя,7
называй меня теперь майя,7
мое имя майя окей да,5
обращайся ко мне как майя короче,6
майя это мое имя,4
называй меня теперь майя хорошо,6
меня зовут макар,7
мое имя макар,7
называй меня макар,7
называй меня теперь макар,7
мое имя макар окей да,5
обращайся ко мне как макар короче,6
макар это мое имя,4
называй меня теперь макар хорошо,6
меня зовут максим,7
мое имя максим,7
называй меня максим,7
называй меня теперь максим,7
мое имя максим окей да,5
обращайся ко мне как максим короче,6
максим это мое имя,4
называй меня теперь максим хорошо,6
меня зовут марат,7
мое имя марат,7
называй меня марат,7
называй меня теперь марат,7
мое имя марат окей да,5
обращайся ко мне как марат короче,6
марат это мое имя,4
называй меня теперь марат хорошо,6
меня зовут маргарита,7
мое имя маргарита,7
называй меня маргарита,7
называй меня теперь маргарита,7
мое имя маргарита окей да,5
обращайся ко мне как маргарита короче,6
маргарита это мое имя,4
называй меня теперь маргарита хорошо,6
меня зовут марианна,7
мое имя марианна,7
называй меня марианна,7
называй меня теперь марианна,7
мое имя марианна окей да,5
обращайся ко мне как марианна короче,6
марианна это мое имя,4
называй меня теперь марианна хорошо,6
меня зовут марина,7
мое имя марина,7
называй меня марина,7
называй меня теперь марина,7
мое имя марина окей да,5
обращайся ко мне как марина короче,6
марина это мое имя,4
называй меня теперь марина хорошо,6
меня зовут мария,7
мое имя мария,7
называй меня мария,7
называй меня теперь мария,7
мое имя мария окей да,5
обращайся ко мне как мария короче,6
мария это мое имя,4
называй меня теперь мария хорошо,6
меня зовут марк,7
мое имя марк,7
называй меня марк,7
называй меня теперь марк,7
мое имя марк окей да,5
обращайся ко мне как марк короче,6
марк это мое имя,4
называй меня теперь марк хорошо,6
меня зовут марта,7
мое имя марта,7
называй меня марта,7
называй меня теперь марта,7
мое имя марта окей да,5
обращайся ко мне как марта короче,6
марта это мое имя,4
называй меня теперь марта хорошо,6
меня зовут марфа,7
мое имя марфа,7
называй меня марфа,7
называй меня теперь марфа,7
мое имя марфа окей да,5
обращайся ко мне как марфа короче,6
марфа это мое имя,4
называй меня теперь марфа хорошо,6
меня зовут матвей,7
мое имя матвей,7
называй меня матвей,7
называй меня теперь матвей,7
мое имя матвей окей да,5
обращайся ко мне как матвей короче,6
матвей это мое имя,4
называй меня теперь матвей хорошо,6
меня зовут милана,7
мое имя милана,7
называй меня милана,7
называй меня теперь милана,7
мое имя милана окей да,5
обращайся ко мне как милана короче,6
милана это мое имя,4
называй меня теперь милана хорошо,6
меня зовут милена,7
мое имя милена,7
называй меня милена,7
называй меня теперь милена,7
мое имя милена окей да,5
обращайся ко мне как милена короче,6
милена это мое имя,4
называй меня теперь милена хорошо,6
меня зовут мирон,7
мое имя мирон,7
называй меня мирон,7
называй меня теперь мирон,7
мое имя мирон окей да,5
обращайся ко мне как мирон короче,6
мирон это мое имя,4
называй меня теперь мирон хорошо,6
меня зовут мирослава,7
мое имя мирослава,7
называй меня мирослава,7
называй меня теперь мирослава,7
мое имя мирослава окей да,5
обращайся ко мне как мирослава короче,6
мирослава это мое имя,4
называй меня теперь мирослава хорошо,6
меня зовут мирра,7
мое имя мирра,7
называй меня мирра,7
называй меня теперь мирра,7
мое имя мирра окей да,5
обращайся ко мне как мирра короче,6
мирра это мое имя,4
называй меня теперь мирра хорошо,6
меня зовут митрофан,7
мое имя митрофан,7
называй меня митрофан,7
называй меня теперь митрофан,7
мое имя митрофан окей да,5
обращайся ко мне как митрофан короче,6
митрофан это мое имя,4
называй меня теперь митрофан хорошо,6
меня зовут михаил,7
мое имя михаил,7
называй меня михаил,7
называй меня теперь михаил,7
мое имя михаил окей да,5
обращайся ко мне как михаил короче,6
михаил это мое имя,4
называй меня теперь михаил хорошо,6
меня зовут модест,7
мое имя модест,7
называй меня модест,7
называй меня теперь модест,7
мое имя модест окей да,5
обращайся ко мне как модест короче,6
модест это мое имя,4
называй меня теперь модест хорошо,6
меня зовут моисей,7
мое имя моисей,7
называй меня моисей,7
называй меня теперь моисей,7
мое имя моисей окей да,5
обращайся ко мне как моисей короче,6
моисей это мое имя,4
называй меня теперь моисей хорошо,6
меня зовут надежда,7
мое имя надежда,7
называй меня надежда,7
называй меня теперь надежда,7
мое имя надежда окей да,5
обращайся ко мне как надежда короче,6
надежда это мое имя,4
называй меня теперь надежда хорошо,6
меня зовут назар,7
мое имя назар,7
называй меня назар,7
называй меня теперь назар,7
мое имя назар окей да,5
обращайся ко мне как назар короче,6
назар это мое имя,4
называй меня теперь назар хорошо,6
меня зовут наталия,7
мое имя наталия,7
называй меня наталия,7
называй меня теперь наталия,7
мое имя наталия окей да,5
обращайся ко мне как наталия короче,6
наталия это мое имя,4
называй меня теперь наталия хорошо,6
меня зовут наталья,7
мое имя наталья,7
называй меня наталья,7
называй меня теперь наталья,7
мое имя наталья окей да,5
обращайся ко мне как наталья короче,6
наталья это мое имя,4
называй меня теперь наталья хорошо,6
меня зовут наум,7
мое имя наум,7
называй меня наум,7
называй меня теперь наум,7
мое имя наум окей да,5
обращайся ко мне как наум короче,6
наум это мое имя,4
называй меня теперь наум хорошо,6
меня зовут нелли,7
мое имя нелли,7
называй меня нелли,7
называй меня теперь нелли,7
мое имя нелли окей да,5
обращайся ко мне как нелли короче,6
нелли это мое имя,4
называй меня теперь нелли хорошо,6
меня зовут ника,7
мое имя ника,7
называй меня ника,7
называй меня теперь ника,7
мое имя ника окей да,5
обращайся ко мне как ника короче,6
ника это мое имя,4
называй меня теперь ника хорошо,6
меня зовут никанор,7
мое имя никанор,7
называй меня никанор,7
называй меня теперь никанор,7
мое имя никанор окей да,5
обращайся ко мне как никанор короче,6
никанор это мое имя,4
называй меня теперь никанор хорошо,6
меня зовут никита,7
мое имя никита,7
называй меня никита,7
называй меня теперь никита,7
мое имя никита окей да,5
обращайся ко мне как никита короче,6
никита это мое имя,4
называй меня теперь никита хорошо,6
меня зовут никифор,7
мое имя никифор,7
называй меня никифор,7
называй меня теперь никифор,7
мое имя никифор окей да,5
обращайся ко мне как никифор короче,6
никифор это мое имя,4
называй меня теперь никифор хорошо,6
меня зовут николай,7
мое имя николай,7
называй меня николай,7
называй меня теперь николай,7
мое имя николай окей да,5
обращайся ко мне как николай короче,6
николай это мое имя,4
называй меня теперь николай хорошо,6
меня зовут никон,7
мое имя никон,7
называй меня никон,7
называй меня теперь никон,7
мое имя никон окей да,5
обращайся ко мне как никон короче,6
никон это мое имя,4
называй меня теперь никон хорошо,6
меня зовут нина,7
мое имя нина,7
называй меня нина,7
называй меня теперь нина,7
мое имя нина окей да,5
обращайся ко мне как нина короче,6
нина это мое имя,4
называй меня теперь нина хорошо,6
меня зовут нинель,7
мое имя нинель,7
называй меня нинель,7
называй меня теперь нинель,7
мое имя нинель окей да,5
обращайся ко мне как нинель короче,6
нинель это мое имя,4
называй меня теперь нинель хорошо,6
меня зовут нонна,7
мое имя нонна,7
называй меня нонна,7
называй меня теперь нонна,7
мое имя нонна окей да,5
обращайся ко мне как нонна короче,6
нонна это мое имя,4
называй меня теперь нонна хорошо,6
меня зовут нора,7
мое имя нора,7
называй меня нора,7
называй меня теперь нора,7
мое имя нора окей да,5
обращайся ко мне как нора короче,6
нора это мое имя,4
называй меня теперь нора хорошо,6
меня зовут оксана,7
мое имя оксана,7
называй меня оксана,7
называй меня теперь оксана,7
мое имя оксана окей да,5
обращайся ко мне как оксана короче,6
оксана это мое имя,4
называй меня теперь оксана хорошо,6
меня зовут олег,7
мое имя олег,7
называй меня олег,7
называй меня теперь олег,7
мое имя олег окей да,5
обращайся ко мне как олег короче,6
олег это мое имя,4
называй меня теперь олег хорошо,6
меня зовут олеся,7
мое имя олеся,7
называй меня олеся,7
называй меня теперь олеся,7
мое имя олеся окей да,5
обращайся ко мне как олеся короче,6
олеся это мое имя,4
называй меня теперь олеся хорошо,6
меня зовут ольга,7
мое имя ольга,7
называй меня ольга,7
называй меня теперь ольга,7
мое имя ольга окей да,5
обращайся ко мне как ольга короче,6
ольга это мое имя,4
называй меня теперь ольга хорошо,6
меня зовут павел,7
мое имя павел,7
называй меня павел,7
называй меня теперь павел,7
мое имя павел окей да,5
обращайся ко мне как павел короче,6
павел это мое имя,4
называй меня теперь павел хорошо,6
меня зовут парамон,7
мое имя парамон,7
называй меня парамон,7
называй меня теперь парамон,7
мое имя парамон окей да,5
обращайся ко мне как парамон короче,6
парамон это мое имя,4
называй меня теперь парамон хорошо,6
меня зовут петр,7
мое имя петр,7
называй меня петр,7
называй меня теперь петр,7
мое имя петр окей да,5
обращайся ко мне как петр короче,6
петр это мое имя,4
называй меня теперь петр хорошо,6
меня зовут платон,7
мое имя платон,7
называй меня платон,7
называй меня теперь платон,7
мое имя платон окей да,5
обращайся ко мне как платон короче,6
платон это мое имя,4
называй меня теперь платон хорошо,6
меня зовут полина,7
мое имя полина,7
называй меня полина,7
называй меня теперь полина,7
мое имя полина окей да,5
обращайся ко мне как полина короче,6
полина это мое имя,4
называй меня теперь полина хорошо,6
меня зовут прасковья,7
мое имя прасковья,7
называй меня прасковья,7
называй меня теперь прасковья,7
мое имя прасковья окей да,5
обращайся ко мне как прасковья короче,6
прасковья это мое имя,4
называй меня теперь прасковья хорошо,6
меня зовут прохор,7
мое имя прохор,7
называй меня прохор,7
называй меня теперь прохор,7
мое имя прохор окей да,5
обращайся ко мне как прохор короче,6
прохор это мое имя,4
называй меня теперь прохор хорошо,6
меня зовут рада,7
мое имя рада,7
называй меня рада,7
называй меня теперь рада,7
мое имя рада окей да,5
обращайся ко мне как рада короче,6
рада это мое имя,4
называй меня теперь рада хорошо,6
меня зовут радмила,7
мое имя радмила,7
называй меня радмила,7
называй меня теперь радмила,7
мое имя радмила окей да,5
обращайся ко мне как радмила короче,6
радмила это мое имя,4
называй меня теперь радмила хорошо,6
меня зовут раиса,7
мое имя раиса,7
называй меня раиса,7
называй меня теперь раиса,7
мое имя раиса окей да,5
обращайся ко мне как раиса короче,6
раиса это мое имя,4
называй меня теперь раиса хорошо,6
меня зовут раяна,7
мое имя раяна,7
называй меня раяна,7
называй меня теперь раяна,7
мое имя раяна окей да,5
обращайся ко мне как раяна короче,6
раяна это мое имя,4
называй меня теперь раяна хорошо,6
меня зовут регина,7
мое имя регина,7
называй меня регина,7
называй меня теперь регина,7
мое имя регина окей да,5
обращайся ко мне как регина короче,6
регина это мое имя,4
называй меня теперь регина хорошо,6
меня зовут ренат,7
мое имя ренат,7
называй меня ренат,7
называй меня теперь ренат,7
мое имя ренат окей да,5
обращайся ко мне как ренат короче,6
ренат это мое имя,4
называй меня теперь ренат хорошо,6
меня зовут рената,7
мое имя рената,7
называй меня рената,7
называй меня теперь рената,7
мое имя рената окей да,5
обращайся ко мне как рената короче,6
рената это мое имя,4
называй меня теперь рената хорошо,6
меня зовут римма,7
мое имя римма,7
называй меня римма,7
называй меня теперь римма,7
мое имя римма окей да,5
обращайся ко мне как римма короче,6
римма это мое имя,4
называй меня теперь римма хорошо,6
меня зовут ринат,7
мое имя ринат,7
называй меня ринат,7
называй меня теперь ринат,7
мое имя ринат окей да,5
обращайся ко мне как ринат короче,6
ринат это мое имя,4
называй меня теперь ринат хорошо,6
меня зовут рита,7
мое имя рита,7
называй меня рита,7
называй меня теперь рита,7
мое имя рита окей да,5
обращайся ко мне как рита короче,6
рита это мое имя,4
называй меня теперь рита хорошо,6
меня зовут родион,7
мое имя родион,7
называй меня родион,7
называй меня теперь родион,7
мое имя родион окей да,5
обращайся ко мне как родион короче,6
родион это мое имя,4
называй меня теперь родион хорошо,6
меня зовут роза,7
мое имя роза,7
называй меня роза,7
называй меня теперь роза,7
мое имя роза окей да,5
обращайся ко мне как роза короче,6
роза это мое имя,4
называй меня теперь роза хорошо,6
меня зовут роксана,7
мое имя роксана,7
называй меня роксана,7
называй меня теперь роксана,7
мое имя роксана окей да,5
обращайся ко мне как роксана короче,6
роксана это мое имя,4
называй меня теперь роксана хорошо,6
меня зовут роман,7
мое имя роман,7
называй меня роман,7
называй меня теперь роман,7
мое имя роман окей да,5
обращайся ко мне как роман короче,6
роман это мое имя,4
называй меня теперь роман хорошо,6
меня зовут россияна,7
мое имя россияна,7
называй меня россияна,7
называй меня теперь россияна,7
мое имя россияна окей да,5
обращайся ко мне как россияна короче,6
россияна это мое имя,4
называй меня теперь россияна хорошо,6
меня зовут ростислав,7
мое имя ростислав,7
называй меня ростислав,7
называй меня теперь ростислав,7
мое имя ростислав окей да,5
обращайся ко мне как ростислав короче,6
ростислав это мое имя,4
называй меня теперь ростислав хорошо,6
меня зовут руслан,7
мое имя руслан,7
называй меня руслан,7
называй меня теперь руслан,7
мое имя руслан окей да,5
обращайся ко мне как руслан короче,6
руслан это мое имя,4
называй меня теперь руслан хорошо,6
меня зовут рустам,7
мое имя рустам,7
называй меня рустам,7
называй меня теперь рустам,7
мое имя рустам окей да,5
обращайся ко мне как рустам короче,6
рустам это мое имя,4
называй меня теперь рустам хорошо,6
меня зовут савва,7
мое имя савва,7
называй меня савва,7
называй меня теперь савва,7
мое имя савва окей да,5
обращайся ко мне как савва короче,6
савва это мое имя,4
называй меня теперь савва хорошо,6
меня зовут савелий,7
мое имя савелий,7
называй меня савелий,7
называй меня теперь савелий,7
мое имя савелий окей да,5
обращайся ко мне как савелий короче,6
савелий это мое имя,4
называй меня теперь савелий хорошо,6
меня зовут самсон,7
мое имя самсон,7
называй меня самсон,7
называй меня теперь самсон,7
мое имя самсон окей да,5
обращайся ко мне как самсон короче,6
самсон это мое имя,4
называй меня теперь самсон хорошо,6
меня зовут светлана,7
мое имя светлана,7
называй меня светлана,7
называй меня теперь светлана,7
мое имя светлана окей да,5
обращайся ко мне как светлана короче,6
светлана это мое имя,4
называй меня теперь светлана хорошо,6
меня зовут святослав,7
мое имя святослав,7
называй меня святослав,7
называй меня теперь святослав,7
мое имя святослав окей да,5
обращайся ко мне как святослав короче,6
святослав это мое имя,4
называй меня теперь святослав хорошо,6
меня зовут севастьян,7
мое имя севастьян,7
называй меня севастьян,7
называй меня теперь севастьян,7
мое имя севастьян окей да,5
обращайся ко мне как севастьян короче,6
севастьян это мое имя,4
называй меня теперь севастьян хорошо,6
меня зовут семен,7
мое имя семен,7
называй меня семен,7
называй меня теперь семен,7
мое имя семен окей да,5
обращайся ко мне как семен короче,6
семен это мое имя,4
называй меня теперь семен хорошо,6
меня зовут серафима,7
мое имя серафима,7
называй меня серафима,7
называй меня теперь серафима,7
мое имя серафима окей да,5
обращайся ко мне как серафима короче,6
серафима это мое имя,4
называй меня теперь серафима хорошо,6
меня зовут сергей,7
мое имя сергей,7
называй меня сергей,7
называй меня теперь сергей,7
мое имя сергей окей да,5
обращайся ко мне как сергей короче,6
сергей это мое имя,4
называй меня теперь сергей хорошо,6
меня зовут снежана,7
мое имя снежана,7
называй меня снежана,7
называй меня теперь снежана,7
мое имя снежана окей да,5
обращайся ко мне как снежана короче,6
снежана это мое имя,4
называй меня теперь снежана хорошо,6
меня зовут софия,7
мое имя софия,7
называй меня софия,7
называй меня теперь софия,7
мое имя софия окей да,5
обращайся ко мне как софия короче,6
софия это мое имя,4
называй меня теперь софия хорошо,6
меня зовут софья,7
мое имя софья,7
называй меня софья,7
называй меня теперь софья,7
мое имя софья окей да,5
обращайся ко мне как софья короче,6
софья это мое имя,4
называй меня теперь софья хорошо,6
меня зовут станислав,7
мое имя станислав,7
называй меня станислав,7
называй меня теперь станислав,7
мое имя станислав окей да,5
обращайся ко мне как станислав короче,6
станислав это мое имя,4
называй меня теперь станислав хорошо,6
меня зовут стелла,7
мое имя стелла,7
называй меня стелла,7
называй меня теперь стелла,7
мое имя стелла окей да,5
обращайся ко мне как стелла короче,6
стелла это мое имя,4
называй меня теперь стелла хорошо,6
меня зовут степан,7
мое имя степан,7
называй меня степан,7
называй меня теперь степан,7
мое имя степан окей да,5
обращайся ко мне как степан короче,6
степан это мое имя,4
называй меня теперь степан хорошо,6
меня зовут стефания,7
мое имя стефания,7
называй меня стефания,7
называй меня теперь стефания,7
мое имя стефания окей да,5
обращайся ко мне как стефания короче,6
стефания это мое имя,4
называй меня теперь стефания хорошо,6
меня зовут таисия,7
мое имя таисия,7
называй меня таисия,7
называй меня теперь таисия,7
мое имя таисия окей да,5
обращайся ко мне как таисия короче,6
таисия это мое имя,4
называй меня теперь таисия хорошо,6
меня зовут тамара,7
мое имя тамара,7
называй меня тамара,7
называй меня теперь тамара,7
мое имя тамара окей да,5
обращайся ко мне как тамара короче,6
тамара это мое имя,4
называй меня теперь тамара хорошо,6
меня зовут тамила,7
мое имя тамила,7
называй меня тамила,7
называй меня теперь тамила,7
мое имя тамила окей да,5
обращайся ко мне как тамила короче,6
тамила это мое имя,4
называй меня теперь тамила хорошо,6
меня зовут тарас,7
мое имя тарас,7
называй меня тарас,7
называй меня теперь тарас,7
мое имя тарас окей да,5
обращайся ко мне как тарас короче,6
тарас это мое имя,4
называй меня теперь тарас хорошо,6
меня зовут татьяна,7
мое имя татьяна,7
называй меня татьяна,7
называй меня теперь татьяна,7
мое имя татьяна окей да,5
обращайся ко мне как татьяна короче,6
татьяна это мое имя,4
называй меня теперь татьяна хорошо,6
меня зовут терентий,7
мое имя терентий,7
называй меня терентий,7
называй меня теперь терентий,7
мое имя терентий окей да,5
обращайся ко мне как терентий короче,6
терентий это мое имя,4
называй меня теперь терентий хорошо,6
меня зовут тимофей,7
мое имя тимофей,7
называй меня тимофей,7
называй меня теперь тимофей,7
мое имя тимофей окей да,5
обращайся ко мне как тимофей короче,6
тимофей это мое имя,4
называй меня теперь тимофей хорошо,6
меня зовут тимур,7
мое имя тимур,7
называй меня тимур,7
называй меня теперь тимур,7
мое имя тимур окей да,5
обращайся ко мне как тимур короче,6
тимур это мое имя,4
называй меня теперь тимур хорошо,6
меня зовут тихон,7
мое имя тихон,7
называй меня тихон,7
называй меня теперь тихон,7
мое имя тихон окей да,5
обращайся ко мне как тихон короче,6
тихон это мое имя,4
называй меня теперь тихон хорошо,6
меня зовут трофим,7
мое имя трофим,7
называй меня трофим,7
называй меня теперь трофим,7
мое имя трофим окей да,5
обращайся ко мне как трофим короче,6
трофим это мое имя,4
называй меня теперь трофим хорошо,6
меня зовут ульяна,7
мое имя ульяна,7
называй меня ульяна,7
называй меня теперь ульяна,7
мое имя ульяна окей да,5
обращайся ко мне как ульяна короче,6
ульяна это мое имя,4
называй меня теперь ульяна хорошо,6
меня зовут фаддей,7
мое имя фаддей,7
называй меня фаддей,7
называй меня теперь фаддей,7
мое имя фаддей окей да,5
обращайся ко мне как фаддей короче,6
фаддей это мое имя,4
называй меня теперь фаддей хорошо,6
меня зовут фаина,7
мое имя фаина,7
называй меня фаина,7
называй меня теперь фаина,7
мое имя фаина окей да,5
обращайся ко мне как фаина короче,6
фаина это мое имя,4
называй меня теперь фаина хорошо,6
меня зовут федор,7
мое имя федор,7
называй меня федор,7
называй меня теперь федор,7
мое имя федор окей да,5
обращайся ко мне как федор короче,6
федор это мое имя,4
называй меня теперь федор хорошо,6
меня зовут федот,7
мое имя федот,7
называй меня федот,7
называй меня теперь федот,7
мое имя федот окей да,5
обращайся ко мне как федот короче,6
федот это мое имя,4
называй меня теперь федот хорошо,6
меня зовут феликс,7
мое имя феликс,7
называй меня феликс,7
называй меня теперь феликс,7
мое имя феликс окей да,5
обращайся ко мне как феликс короче,6
феликс это мое имя,4
называй меня теперь феликс хорошо,6
меня зовут филат,7
мое имя филат,7
называй меня филат,7
называй меня теперь филат,7
мое имя филат окей да,5
обращайся ко мне как филат короче,6
филат это мое имя,4
называй меня теперь филат хорошо,6
меня зовут филимон,7
мое имя филимон,7
называй меня филимон,7
называй меня теперь филимон,7
мое имя филимон окей да,5
обращайся ко мне как филимон короче,6
филимон это мое имя,4
называй меня теперь филимон хорошо,6
меня зовут филипп,7
мое имя филипп,7
называй меня филипп,7
называй меня теперь филипп,7
мое имя филипп окей да,5
обращайся ко мне как филипп короче,6
филипп это мое имя,4
называй меня теперь филипп хорошо,6
меня зовут фома,7
мое имя фома,7
называй меня фома,7
называй меня теперь фома,7
мое имя фома окей да,5
обращайся ко мне как фома короче,6
фома это мое имя,4
называй меня теперь фома хорошо,6
меня зовут фрида,7
мое имя фрида,7
называй меня фрида,7
называй меня теперь фрида,7
мое имя фрида окей да,5
обращайся ко мне как фрида короче,6
фрида это мое имя,4
называй меня теперь фрида хорошо,6
меня зовут чарли,7
мое имя чарли,7
называй меня чарли,7
называй меня теперь чарли,7
мое имя чарли окей да,5
обращайся ко мне как чарли короче,6
чарли это мое имя,4
называй меня теперь чарли хорошо,6
меня зовут эдита,7
мое имя эдита,7
называй меня эдита,7
называй меня теперь эдита,7
мое имя эдита окей да,5
обращайся ко мне как эдита короче,6
эдита это мое имя,4
называй меня теперь эдита хорошо,6
меня зовут эдуард,7
мое имя эдуард,7
называй меня эдуард,7
называй меня теперь эдуард,7
мое имя эдуард окей да,5
обращайся ко мне как эдуард короче,6
эдуард это мое имя,4
называй меня теперь эдуард хорошо,6
меня зовут элеонора,7
мое имя элеонора,7
называй меня элеонора,7
называй меня теперь элеонора,7
мое имя элеонора окей да,5
обращайся ко мне как элеонора короче,6
элеонора это мое имя,4
называй меня теперь элеонора хорошо,6
меня зовут элина,7
мое имя элина,7
называй меня элина,7
называй меня теперь элина,7
мое имя элина окей да,5
обращайся ко мне как элина короче,6
элина это мое имя,4
называй меня теперь элина хорошо,6
меня зовут эльвира,7
мое имя эльвира,7
называй меня эльвира,7
называй меня теперь эльвира,7
мое имя эльвира окей да,5
обращайся ко мне как эльвира короче,6
эльвира это мое имя,4
называй меня теперь эльвира хорошо,6
меня зовут эльдар,7
мое имя эльдар,7
называй меня эльдар,7
называй меня теперь эльдар,7
мое имя эльдар окей да,5
обращайся ко мне как эльдар короче,6
эльдар это мое имя,4
называй меня теперь эльдар хорошо,6
меня зовут эльза,7
мое имя эльза,7
называй меня эльза,7
называй меня теперь эльза,7
мое имя эльза окей да,5
обращайся ко мне как эльза короче,6
эльза это мое имя,4
называй меня теперь эльза хорошо,6
меня зовут эмма,7
мое имя эмма,7
называй меня эмма,7
называй меня теперь эмма,7
мое имя эмма окей да,5
обращайся ко мне как эмма короче,6
эмма это мое имя,4
называй меня теперь эмма хорошо,6
меня зовут эрик,7
мое имя эрик,7
называй меня эрик,7
называй меня теперь эрик,7
мое имя эрик окей да,5
обращайся ко мне как эрик короче,6
эрик это мое имя,4
называй меня теперь эрик хорошо,6
меня зовут эрика,7
мое имя эрика,7
называй меня эрика,7
называй меня теперь эрика,7
мое имя эрика окей да,5
обращайся ко мне как эрика короче,6
эрика это мое имя,4
называй меня теперь эрика хорошо,6
меня зовут юлиан,7
мое имя юлиан,7
называй меня юлиан,7
называй меня теперь юлиан,7
мое имя юлиан окей да,5
обращайся ко мне как юлиан короче,6
юлиан это мое имя,4
называй меня теперь юлиан хорошо,6
меня зовут юлиана,7
мое имя юлиана,7
называй меня юлиана,7
называй меня теперь юлиана,7
мое имя юлиана окей да,5
обращайся ко мне как юлиана короче,6
юлиана это мое имя,4
называй меня теперь юлиана хорошо,6
меня зовут юлий,7
мое имя юлий,7
называй меня юлий,7
называй меня теперь юлий,7
мое имя юлий окей да,5
обращайся ко мне как юлий короче,6
юлий это мое имя,4
называй меня теперь юлий хорошо,6
меня зовут юлия,7
мое имя юлия,7
называй меня юлия,7
называй меня теперь юлия,7
мое имя юлия окей да,5
обращайся ко мне как юлия короче,6
юлия это мое имя,4
называй меня теперь юлия хорошо,6
меня зовут юрий,7
мое имя юрий,7
называй меня юрий,7
называй меня теперь юрий,7
мое имя юрий окей да,5
обращайся ко мне как юрий короче,6
юрий это мое имя,4
называй меня теперь юрий хорошо,6
меня зовут яков,7
мое имя яков,7
называй меня яков,7
называй меня теперь яков,7
мое имя яков окей да,5
обращайся ко мне как яков короче,6
яков это мое имя,4
называй меня теперь яков хорошо,6
меня зовут ян,7
мое имя ян,7
называй меня ян,7
называй меня теперь ян,7
мое имя ян окей да,5
обращайся ко мне как ян короче,6
ян это мое имя,4
называй меня теперь ян хорошо,6
меня зовут яна,7
мое имя яна,7
называй меня яна,7
называй меня теперь яна,7
мое имя яна окей да,5
обращайся ко мне как яна короче,6
яна это мое имя,4
называй меня теперь яна хорошо,6
меня зовут янина,7
мое имя янина,7
называй меня янина,7
называй меня теперь янина,7
мое имя янина окей да,5
обращайся ко мне как янина короче,6
янина это мое имя,4
называй меня теперь янина хорошо,6
меня зовут яросла,7
мое имя яросла,7
называй меня яросла,7
называй меня теперь яросла,7
мое имя яросла окей да,5
обращайся ко мне как яросла короче,6
яросла это мое имя,4
называй меня теперь яросла хорошо,6
